Title,Company,Location,Description,Salary,Posted Date,URL
Staff Software Engineer - Frontend,,,,,,https://www.indeed.com/jobs?q=FrontEnd+Engineer&l=India&start=10
FullStack Engineer,,,,,,https://www.indeed.com/jobs?q=FrontEnd+Engineer&l=India&start=10
Software Engineer III,,,,,,https://www.indeed.com/jobs?q=FrontEnd+Engineer&l=India&start=10
"Senior FullStack Engineer, Grafana Frontend Platform (Remote, US EST)",,,,,,https://www.indeed.com/jobs?q=FrontEnd+Engineer&l=India&start=10
Software Engineer | Frontend,,,,,,https://www.indeed.com/jobs?q=FrontEnd+Engineer&l=India&start=10
Frontend Web Developer React/Typescript,,,,,,https://www.indeed.com/jobs?q=FrontEnd+Engineer&l=India&start=10
"Manager, Engineering - Frontend Platform",,,,,,https://www.indeed.com/jobs?q=FrontEnd+Engineer&l=India&start=10
Senior React Frontend Developer,,,,,,https://www.indeed.com/jobs?q=FrontEnd+Engineer&l=India&start=10
Senior Fullstack Engineer,,,,,,https://www.indeed.com/jobs?q=FrontEnd+Engineer&l=India&start=10
Frontend Software Engineer,,,,,,https://www.indeed.com/jobs?q=FrontEnd+Engineer&l=India&start=10
Frontend Engineer,,,,,,https://www.indeed.com/jobs?q=FrontEnd+Engineer&l=India&start=10
"Software Engineer (Frontend), Growth Engineering",,,,,,https://www.indeed.com/jobs?q=FrontEnd+Engineer&l=India&start=10
Senior Frontend Engineer,,,,,,https://www.indeed.com/jobs?q=FrontEnd+Engineer&l=India&start=10
Frontend Software Engineer,,,,,,https://www.indeed.com/jobs?q=FrontEnd+Engineer&l=India&start=10
Software Engineer II,,,,,,https://www.indeed.com/jobs?q=FrontEnd+Engineer&l=India&start=10
Software Engineer - Frontend,,,,,,https://www.indeed.com/jobs?q=FrontEnd+Engineer&l=India&start=30
Senior Frontend Engineering Team Manager,,,,,,https://www.indeed.com/jobs?q=FrontEnd+Engineer&l=India&start=30
"Senior Software Engineer, Frontend/Web Application",,,,,,https://www.indeed.com/jobs?q=FrontEnd+Engineer&l=India&start=30
Sr. Frontend Developer - Remote India,,,,,,https://www.indeed.com/jobs?q=FrontEnd+Engineer&l=India&start=30
Front-end Software Engineer,,,,,,https://www.indeed.com/jobs?q=FrontEnd+Engineer&l=India&start=30
Frontend Software Engineer - Tools,,,,,,https://www.indeed.com/jobs?q=FrontEnd+Engineer&l=India&start=30
Frontend Developer (Vue.JS),,,,,,https://www.indeed.com/jobs?q=FrontEnd+Engineer&l=India&start=30
Frontend Developer (Vue3/NUXT3),,,,,,https://www.indeed.com/jobs?q=FrontEnd+Engineer&l=India&start=30
Senior Software Engineer (Front-End Focused),,,,,,https://www.indeed.com/jobs?q=FrontEnd+Engineer&l=India&start=30
Front End Engineer,,,,,,https://www.indeed.com/jobs?q=FrontEnd+Engineer&l=India&start=30
Senior Front End Web Engineer (North or South America),,,,,,https://www.indeed.com/jobs?q=FrontEnd+Engineer&l=India&start=30
Sr. Software Engineer,,,,,,https://www.indeed.com/jobs?q=FrontEnd+Engineer&l=India&start=30
FrontEnd (React.js) Developer,,,,,,https://www.indeed.com/jobs?q=FrontEnd+Engineer&l=India&start=30
Senior Software Engineer,,,,,,https://www.indeed.com/jobs?q=FrontEnd+Engineer&l=India&start=30
Ui Engineer,,,,,,https://www.indeed.com/jobs?q=FrontEnd+Engineer&l=India&start=30
