Title,Company,Location,URL
Senior Frontend Engineer,,,,https://www.indeed.com/jobs?q=FrontEnd+Engineer&l=India&start=10
"Software Engineer, Frontend - Consumer Products",,,,https://www.indeed.com/jobs?q=FrontEnd+Engineer&l=India&start=10
Senior Frontend Engineer,,,,https://www.indeed.com/jobs?q=FrontEnd+Engineer&l=India&start=10
Senior Frontend Engineer,,,,https://www.indeed.com/jobs?q=FrontEnd+Engineer&l=India&start=10
Frontend Engineer - Retail Engineering - Apple Online Store,,,,https://www.indeed.com/jobs?q=FrontEnd+Engineer&l=India&start=10
"Staff Frontend Engineer, Client Platform",,,,https://www.indeed.com/jobs?q=FrontEnd+Engineer&l=India&start=10
Frontend Software Engineer,,,,https://www.indeed.com/jobs?q=FrontEnd+Engineer&l=India&start=10
"Frontend Engineer, Postman Insights",,,,https://www.indeed.com/jobs?q=FrontEnd+Engineer&l=India&start=10
Frontend Software Engineer,,,,https://www.indeed.com/jobs?q=FrontEnd+Engineer&l=India&start=10
Frontend Engineer,,,,https://www.indeed.com/jobs?q=FrontEnd+Engineer&l=India&start=10
"Senior Frontend Engineer, Core",,,,https://www.indeed.com/jobs?q=FrontEnd+Engineer&l=India&start=10
Frontend Engineer,,,,https://www.indeed.com/jobs?q=FrontEnd+Engineer&l=India&start=10
Senior Frontend Engineer,,,,https://www.indeed.com/jobs?q=FrontEnd+Engineer&l=India&start=10
Frontend Engineer,,,,https://www.indeed.com/jobs?q=FrontEnd+Engineer&l=India&start=10
Software Engineer | Frontend,,,,https://www.indeed.com/jobs?q=FrontEnd+Engineer&l=India&start=10
Principal Frontend Software Engineer,,,,https://www.indeed.com/jobs?q=FrontEnd+Engineer&l=India&start=20
"Senior / Staff Frontend Engineer, Growth",,,,https://www.indeed.com/jobs?q=FrontEnd+Engineer&l=India&start=20
Frontend Application Engineer,,,,https://www.indeed.com/jobs?q=FrontEnd+Engineer&l=India&start=20
Frontend Software Engineer,,,,https://www.indeed.com/jobs?q=FrontEnd+Engineer&l=India&start=20
Software Engineer - Frontend,,,,https://www.indeed.com/jobs?q=FrontEnd+Engineer&l=India&start=20
Senior Frontend Engineer - Global E-commerce,,,,https://www.indeed.com/jobs?q=FrontEnd+Engineer&l=India&start=20
Frontend Software Engineer,,,,https://www.indeed.com/jobs?q=FrontEnd+Engineer&l=India&start=20
Frontend Engineer,,,,https://www.indeed.com/jobs?q=FrontEnd+Engineer&l=India&start=20
Frontend Engineer,,,,https://www.indeed.com/jobs?q=FrontEnd+Engineer&l=India&start=20
"Frontend Software Engineer, SMB",,,,https://www.indeed.com/jobs?q=FrontEnd+Engineer&l=India&start=20
Senior Fullstack Engineer (Frontend Leaning),,,,https://www.indeed.com/jobs?q=FrontEnd+Engineer&l=India&start=20
Front-End Architect,,,,https://www.indeed.com/jobs?q=FrontEnd+Engineer&l=India&start=20
"Senior Frontend Engineer, Flows",,,,https://www.indeed.com/jobs?q=FrontEnd+Engineer&l=India&start=20
Engineering Manager - Frontend,,,,https://www.indeed.com/jobs?q=FrontEnd+Engineer&l=India&start=20
"Software engineer, frontend",,,,https://www.indeed.com/jobs?q=FrontEnd+Engineer&l=India&start=20
