Platform,Title,Company,Location,Description,Salary,PostedDate,URL
LinkedIn,"Creative Producer, Video - Publishing",Netflix,"Los Angeles, CA",,,,https://www.linkedin.com/jobs/search?q=software+engineer&l=remote
LinkedIn,Work from Home - عالم رياضيات تطبيقية – الإمارات العربية المتحدة,Outlier,"Sugar Land, TX",,,,https://www.linkedin.com/jobs/search?q=software+engineer&l=remote
LinkedIn,Data Analyst (early career),Lockheed Martin,"Texas, United States",,,,https://www.linkedin.com/jobs/search?q=software+engineer&l=remote
LinkedIn,Work from Home Math Tutoring - Remote,Outlier,"Houston, TX",,,,https://www.linkedin.com/jobs/search?q=software+engineer&l=remote
LinkedIn,Work from Home Math Tutoring - Flexible Hours,Outlier,"South Carolina, United States",,,,https://www.linkedin.com/jobs/search?q=software+engineer&l=remote
LinkedIn,Work from Home - عالم رياضيات تطبيقية – الإمارات العربية المتحدة,Outlier,"Miramar, FL",,,,https://www.linkedin.com/jobs/search?q=software+engineer&l=remote
LinkedIn,Work from Home - عالم رياضيات تطبيقية – الإمارات العربية المتحدة,Outlier,"Charlotte, NC",,,,https://www.linkedin.com/jobs/search?q=software+engineer&l=remote
LinkedIn,Work from Home - عالم رياضيات تطبيقية – الإمارات العربية المتحدة,Outlier,"Alexandria, VA",,,,https://www.linkedin.com/jobs/search?q=software+engineer&l=remote
LinkedIn,Work from Home Math Tutoring,Outlier,"Ogden, UT",,,,https://www.linkedin.com/jobs/search?q=software+engineer&l=remote
LinkedIn,Work from Home Math Tutoring,Outlier,"Chicago, IL",,,,https://www.linkedin.com/jobs/search?q=software+engineer&l=remote
LinkedIn,e.l.f. Beauty is hiring: Associate Community Manager in New York,E.L.F. BEAUTY,"New York, NY",,,,https://www.linkedin.com/jobs/search?q=software+engineer&l=remote
LinkedIn,Work from Home Math Tutoring,Outlier,"Minnesota, United States",,,,https://www.linkedin.com/jobs/search?q=software+engineer&l=remote
LinkedIn,Work from Home Math Tutoring - Flexible Hours,Outlier,"Aurora, CO",,,,https://www.linkedin.com/jobs/search?q=software+engineer&l=remote
LinkedIn,"Sol de Janeiro is hiring: Associate Creative Director, Category in New York",Sol de Janeiro,"New York, NY",,,,https://www.linkedin.com/jobs/search?q=software+engineer&l=remote
LinkedIn,Human Resources Coordinator,Konnect,"California, United States",,,,https://www.linkedin.com/jobs/search?q=software+engineer&l=remote
LinkedIn,Talent Acquisition Manager,Inogen,Greater Boston,,,,https://www.linkedin.com/jobs/search?q=software+engineer&l=remote
LinkedIn,Work from Home Math Tutoring,Outlier,"Andover, MA",,,,https://www.linkedin.com/jobs/search?q=software+engineer&l=remote
LinkedIn,Math Tutoring,Outlier,"Alexandria, VA",,,,https://www.linkedin.com/jobs/search?q=software+engineer&l=remote
LinkedIn,Home-Based Scheduling Assistant (Remote),SeaBreeze Homes and Living,United States,,,,https://www.linkedin.com/jobs/search?q=software+engineer&l=remote
LinkedIn,Work from Home - عالم رياضيات تطبيقية – المملكة العربية السعودية,Outlier,"Grove City, OH",,,,https://www.linkedin.com/jobs/search?q=software+engineer&l=remote
LinkedIn,Work from Home Math Tutoring,Outlier,"Ann Arbor, MI",,,,https://www.linkedin.com/jobs/search?q=software+engineer&l=remote
LinkedIn,Work from Home Math Tutoring,Outlier,"Bridgeport, CT",,,,https://www.linkedin.com/jobs/search?q=software+engineer&l=remote
LinkedIn,Work from Home Math Tutoring,Outlier,"Louisville, KY",,,,https://www.linkedin.com/jobs/search?q=software+engineer&l=remote
LinkedIn,Math Tutoring - Remote,Outlier,"Wyoming, United States",,,,https://www.linkedin.com/jobs/search?q=software+engineer&l=remote
LinkedIn,Work from Home Math Tutoring - Flexible Hours,Outlier,"Raleigh, NC",,,,https://www.linkedin.com/jobs/search?q=software+engineer&l=remote
LinkedIn,Work from Home Math Tutoring - Onboarding Now,Outlier,"Portland, OR",,,,https://www.linkedin.com/jobs/search?q=software+engineer&l=remote
LinkedIn,FC Dallas is hiring: Video/Photography Director in Frisco,FC Dallas,"Frisco, TX",,,,https://www.linkedin.com/jobs/search?q=software+engineer&l=remote
LinkedIn,"Staff, Contracts Manager",Lockheed Martin,"Washington, DC",,,,https://www.linkedin.com/jobs/search?q=software+engineer&l=remote
LinkedIn,Demand Planner,OLIPOP PBC,United States,,,,https://www.linkedin.com/jobs/search?q=software+engineer&l=remote
LinkedIn,Work from Home Math Tutoring,Outlier,"Edmond, OK",,,,https://www.linkedin.com/jobs/search?q=software+engineer&l=remote
LinkedIn,Work from Home Math Tutoring,Outlier,"Lexington, KY",,,,https://www.linkedin.com/jobs/search?q=software+engineer&l=remote
LinkedIn,Work from Home - عالم رياضيات تطبيقية – المملكة العربية السعودية,Outlier,"Akron, OH",,,,https://www.linkedin.com/jobs/search?q=software+engineer&l=remote
LinkedIn,Work from Home Math Tutoring - Remote,Outlier,"Idaho Falls, ID",,,,https://www.linkedin.com/jobs/search?q=software+engineer&l=remote
LinkedIn,Learning Founder,Mobius Ventures,United States,,,,https://www.linkedin.com/jobs/search?q=software+engineer&l=remote
LinkedIn,Quality Analyst (Level 5),Lockheed Martin,"Marietta, GA",,,,https://www.linkedin.com/jobs/search?q=software+engineer&l=remote
LinkedIn,Business Operations | Analyst | New York,Goldman Sachs,"New York, NY",,,,https://www.linkedin.com/jobs/search?q=software+engineer&l=remote
LinkedIn,Work from Home - عالم رياضيات تطبيقية – الإمارات العربية المتحدة,Outlier,"Cuyahoga Falls, OH",,,,https://www.linkedin.com/jobs/search?q=software+engineer&l=remote
LinkedIn,Work from Home Math Tutoring,Outlier,"Reno, NV",,,,https://www.linkedin.com/jobs/search?q=software+engineer&l=remote
LinkedIn,"Social Media Manager Job at Create Wellness, Inc. in New York",Create Wellness,"New York, NY",,,,https://www.linkedin.com/jobs/search?q=software+engineer&l=remote
LinkedIn,Math Tutoring - Remote,Outlier,"Richmond, VA",,,,https://www.linkedin.com/jobs/search?q=software+engineer&l=remote
LinkedIn,Junior Recipe Developer,HelloFresh,"New York, NY",,,,https://www.linkedin.com/jobs/search?q=software+engineer&l=remote
LinkedIn,Math Tutoring - Flexible Hours,Outlier,"Washington, United States",,,,https://www.linkedin.com/jobs/search?q=software+engineer&l=remote
LinkedIn,Work from Home - عالم رياضيات تطبيقية – الإمارات العربية المتحدة,Outlier,"Tulsa, OK",,,,https://www.linkedin.com/jobs/search?q=software+engineer&l=remote
LinkedIn,Math Tutoring,Outlier,"Broomfield, CO",,,,https://www.linkedin.com/jobs/search?q=software+engineer&l=remote
LinkedIn,Artist Liaison Job at Gagosian in Madison,Gagosian,"Madison, AL",,,,https://www.linkedin.com/jobs/search?q=software+engineer&l=remote
LinkedIn,Work from Home - عالم رياضيات تطبيقية – الإمارات العربية المتحدة,Outlier,"Lombard, IL",,,,https://www.linkedin.com/jobs/search?q=software+engineer&l=remote
LinkedIn,Proper Cloth is hiring: Photo Retoucher & Editor in New York,Proper Cloth,"New York, NY",,,,https://www.linkedin.com/jobs/search?q=software+engineer&l=remote
LinkedIn,Work from Home Math Tutor - Part Time Work From Home,Outlier,"Lawrenceville, GA",,,,https://www.linkedin.com/jobs/search?q=software+engineer&l=remote
LinkedIn,Work from Home Math Tutoring - Flexible Hours,Outlier,"Aberdeen, SD",,,,https://www.linkedin.com/jobs/search?q=software+engineer&l=remote
LinkedIn,Marketing Project Coordinator,Canyon Ranch,Dallas-Fort Worth Metroplex,,,,https://www.linkedin.com/jobs/search?q=software+engineer&l=remote
LinkedIn,Work from Home Math Instructor - Remote,Outlier,"Arizona, United States",,,,https://www.linkedin.com/jobs/search?q=software+engineer&l=remote
LinkedIn,Work from Home Math Tutoring - Flexible Hours,Outlier,"Lincoln, NE",,,,https://www.linkedin.com/jobs/search?q=software+engineer&l=remote
LinkedIn,Math Tutoring - Remote,Outlier,"Clyde, NC",,,,https://www.linkedin.com/jobs/search?q=software+engineer&l=remote
LinkedIn,Work from Home - عالم رياضيات تطبيقية – الإمارات العربية المتحدة,Outlier,"Rockford, IL",,,,https://www.linkedin.com/jobs/search?q=software+engineer&l=remote
LinkedIn,Work from Home - عالم رياضيات تطبيقية – الإمارات العربية المتحدة,Outlier,"Davenport, IA",,,,https://www.linkedin.com/jobs/search?q=software+engineer&l=remote
LinkedIn,Alternative Education Founder,Mobius Ventures,United States,,,,https://www.linkedin.com/jobs/search?q=software+engineer&l=remote
LinkedIn,No-Code Founder,Mobius Ventures,United States,,,,https://www.linkedin.com/jobs/search?q=software+engineer&l=remote
LinkedIn,Work from Home - عالم رياضيات تطبيقية – الإمارات العربية المتحدة,Outlier,"Minneapolis, MN",,,,https://www.linkedin.com/jobs/search?q=software+engineer&l=remote
LinkedIn,Work from Home Math Tutor - Remote,Outlier,"Jersey City, NJ",,,,https://www.linkedin.com/jobs/search?q=software+engineer&l=remote
LinkedIn,"Director, Chief People & Culture Officer Initiatives",Warner Bros. Discovery,"New York, NY",,,,https://www.linkedin.com/jobs/search?q=software+engineer&l=remote
